month,yield
1949-01,0.061632
1949-02,0.065222
1949-03,0.065728
1949-04,0.066711
1949-05,0.06811
1949-06,0.073014
1949-07,0.069558
1949-08,0.067582
1949-09,0.06714
1949-10,0.067548
1949-11,0.068695
1949-12,0.068924
1950-01,0.068128
1950-02,0.067403
1950-03,0.067435
1950-04,0.066143
1950-05,0.064534
1950-06,0.064034
1950-07,0.071538
1950-08,0.069814
1950-09,0.069706
1950-10,0.069284
1950-11,0.071777
1950-12,0.07443
1951-01,0.070093
1951-02,0.068333
1951-03,0.070273
1951-04,0.069951
1951-05,0.070528
1951-06,0.07239
1951-07,0.070528
1951-08,0.066987
1951-09,0.064736
1951-10,0.063499
1951-11,0.063702
1951-12,0.060231
1952-01,0.058426
1952-02,0.059649
1952-03,0.059639
1952-04,0.060236
1952-05,0.060683
1952-06,0.059475
1952-07,0.057815
1952-08,0.057585
1952-09,0.058515
1952-10,0.05922
1952-11,0.056865
1952-12,0.054147
1953-01,0.053858
1953-02,0.054524
1953-03,0.054252
1953-04,0.057197
1953-05,0.057032
1953-06,0.05929
1953-07,0.05846
1953-08,0.058221
1953-09,0.061023
1953-10,0.059658
1953-11,0.058776
1953-12,0.058397
1954-01,0.057214
1954-02,0.056239
1954-03,0.055326
1954-04,0.052962
1954-05,0.050702
1954-06,0.050069
1954-07,0.048346
1954-08,0.047619
1954-09,0.046741
1954-10,0.046406
1954-11,0.045355
1954-12,0.044038
1955-01,0.043446
1955-02,0.042222
1955-03,0.04274
1955-04,0.041402
1955-05,0.041667
1955-06,0.039467
1955-07,0.037167
1955-08,0.037788
1955-09,0.036536
1955-10,0.038629
1955-11,0.036337
1955-12,0.036147
1956-01,0.037826
1956-02,0.038262
1956-03,0.036429
1956-04,0.03649
1956-05,0.038175
1956-06,0.038902
1956-07,0.037174
1956-08,0.037671
1956-09,0.039283
1956-10,0.039072
1956-11,0.038753
1956-12,0.037468
1957-01,0.038227
1957-02,0.039874
1957-03,0.039291
1957-04,0.038402
1957-05,0.036982
1957-06,0.036383
1957-07,0.035869
1957-08,0.038176
1957-09,0.040018
1957-10,0.042919
1957-11,0.044114
1957-12,0.044384
1958-01,0.043369
1958-02,0.04306
1958-03,0.042033
1958-04,0.04149
1958-05,0.039893
1958-06,0.038659
1958-07,0.037625
1958-08,0.036268
1958-09,0.035335
1958-10,0.034086
1958-11,0.033206
1958-12,0.032716
1959-01,0.031583
1959-02,0.032195
1959-03,0.031517
1959-04,0.031115
1959-05,0.030768
1959-06,0.031152
1959-07,0.030075
1959-08,0.030359
1959-09,0.031727
1959-10,0.031871
1959-11,0.03186
1959-12,0.030985
1960-01,0.032167
1960-02,0.034122
1960-03,0.03526
1960-04,0.03487
1960-05,0.035253
1960-06,0.034055
1960-07,0.034921
1960-08,0.034507
1960-09,0.035577
1960-10,0.036293
1960-11,0.035154
1960-12,0.034331
1961-01,0.032597
1961-02,0.031258
1961-03,0.030256
1961-04,0.02947
1961-05,0.029173
1961-06,0.029564
1961-07,0.029747
1961-08,0.028814
1961-09,0.029141
1961-10,0.029118
1961-11,0.028137
1961-12,0.028157
1962-01,0.029342
1962-02,0.028957
1962-03,0.029023
1962-04,0.030076
1962-05,0.032598
1962-06,0.03703
1962-07,0.036276
1962-08,0.035429
1962-09,0.035862
1962-10,0.037327
1962-11,0.035199
1962-12,0.034004
1963-01,0.032842
1963-02,0.032514
1963-03,0.032739
1963-04,0.031511
1963-05,0.031128
1963-06,0.031379
1963-07,0.0319
1963-08,0.031089
1963-09,0.030336
1963-10,0.030581
1963-11,0.031075
1963-12,0.03074
1964-01,0.030041
1964-02,0.029892
1964-03,0.029569
1964-04,0.029355
1964-05,0.029278
1964-06,0.029661
1964-07,0.028839
1964-08,0.029512
1964-09,0.029253
1964-10,0.028992
1964-11,0.029026
1964-12,0.029776
1965-01,0.029223
1965-02,0.029203
1965-03,0.029368
1965-04,0.029215
1965-05,0.02901
1965-06,0.030691
1965-07,0.030935
1965-08,0.030562
1965-09,0.029761
1965-10,0.029325
1965-11,0.0293
1965-12,0.029652
1966-01,0.029361
1966-02,0.029777
1966-03,0.031278
1966-04,0.030531
1966-05,0.032419
1966-06,0.032884
1966-07,0.033201
1966-08,0.035586
1966-09,0.037142
1966-10,0.037383
1966-11,0.035519
1966-12,0.035288
1967-01,0.034103
1967-02,0.033082
1967-03,0.032431
1967-04,0.031882
1967-05,0.031321
1967-06,0.031718
1967-07,0.031251
1967-08,0.030832
1967-09,0.030477
1967-10,0.030525
1967-11,0.031513
1967-12,0.03064
1968-01,0.030829
1968-02,0.032397
1968-03,0.033113
1968-04,0.030974
1968-05,0.030415
1968-06,0.029751
1968-07,0.029943
1968-08,0.030748
1968-09,0.029911
1968-10,0.029319
1968-11,0.029001
1968-12,0.028826
1969-01,0.030196
1969-02,0.030443
1969-03,0.031219
1969-04,0.030701
1969-05,0.029828
1969-06,0.031572
1969-07,0.033119
1969-08,0.033376
1969-09,0.03333
1969-10,0.033012
1969-11,0.03281
1969-12,0.034683
1970-01,0.035027
1970-02,0.036332
1970-03,0.035759
1970-04,0.036921
1970-05,0.041765
1970-06,0.042069
1970-07,0.042041
1970-08,0.040897
1970-09,0.038629
1970-10,0.037612
1970-11,0.037455
1970-12,0.03487
1971-01,0.03348
1971-02,0.032129
1971-03,0.031225
1971-04,0.030162
1971-05,0.030545
1971-06,0.031087
1971-07,0.031279
1971-08,0.031811
1971-09,0.031087
1971-10,0.031692
1971-11,0.033161
1971-12,0.030957
1972-01,0.029719
1972-02,0.029183
1972-03,0.028505
1972-04,0.028217
1972-05,0.028505
1972-06,0.028426
1972-07,0.028669
1972-08,0.027718
1972-09,0.028154
1972-10,0.028315
1972-11,0.027165
1972-12,0.026809
1973-01,0.026661
1973-02,0.0277
1973-03,0.028203
1973-04,0.028891
1973-05,0.029882
1973-06,0.030725
1973-07,0.030592
1973-08,0.031342
1973-09,0.030966
1973-10,0.030115
1973-11,0.032778
1973-12,0.035662
1974-01,0.035376
1974-02,0.036597
1974-03,0.035304
1974-04,0.037422
1974-05,0.038809
1974-06,0.03898
1974-07,0.044509
1974-08,0.046824
1974-09,0.052701
1974-10,0.051747
1974-11,0.050135
1974-12,0.053675
1975-01,0.049936
1975-02,0.045526
1975-03,0.043805
1975-04,0.043477
1975-05,0.041029
1975-06,0.040152
1975-07,0.040112
1975-08,0.043285
1975-09,0.043817
1975-10,0.041775
1975-11,0.040968
1975-12,0.041488
1976-01,0.038027
1976-02,0.036647
1976-03,0.036499
1976-04,0.036441
1976-05,0.036924
1976-06,0.036935
1976-07,0.036372
1976-08,0.03698
1976-09,0.036493
1976-10,0.038436
1976-11,0.039361
1976-12,0.038682
1977-01,0.039467
1977-02,0.041023
1977-03,0.04165
1977-04,0.042874
1977-05,0.043574
1977-06,0.043912
1977-07,0.043979
1977-08,0.045558
1977-09,0.046763
1977-10,0.04861
1977-11,0.048932
1977-12,0.049776
1978-01,0.052225
1978-02,0.053458
1978-03,0.054042
1978-04,0.05217
1978-05,0.050029
1978-06,0.050276
1978-07,0.050897
1978-08,0.047963
1978-09,0.048316
1978-10,0.050066
1978-11,0.053356
1978-12,0.052752
1979-01,0.051282
1979-02,0.052496
1979-03,0.051948
1979-04,0.051388
1979-05,0.053077
1979-06,0.052507
1979-07,0.052548
1979-08,0.050776
1979-09,0.050737
1979-10,0.053174
1979-11,0.054034
1979-12,0.052412
1980-01,0.051398
1980-02,0.04987
1980-03,0.055396
1980-04,0.056764
1980-05,0.05472
1980-06,0.051832
1980-07,0.049944
1980-08,0.048799
1980-09,0.047984
1980-10,0.046851
1980-11,0.045173
1980-12,0.046142
1981-01,0.046617
1981-02,0.048598
1981-03,0.047147
1981-04,0.046999
1981-05,0.048241
1981-06,0.048299
1981-07,0.049832
1981-08,0.049974
1981-09,0.055114
1981-10,0.05473
1981-11,0.053648
1981-12,0.053554
1982-01,0.056777
1982-02,0.058428
1982-03,0.06065
1982-04,0.05804
1982-05,0.058247
1982-06,0.062078
1982-07,0.06237
1982-08,0.062322
1982-09,0.055964
1982-10,0.05167
1982-11,0.049698
1982-12,0.049283
1983-01,0.047702
1983-02,0.04698
1983-03,0.04549
1983-04,0.043881
1983-05,0.04223
1983-06,0.041707
1983-07,0.041677
1983-08,0.04298
1983-09,0.041866
1983-10,0.04192
1983-11,0.042736
1983-12,0.043127
1984-01,0.042788
1984-02,0.045455
1984-03,0.045616
1984-04,0.045833
1984-05,0.046403
1984-06,0.047747
1984-07,0.048533
1984-08,0.044749
1984-09,0.044431
1984-10,0.045085
1984-11,0.044979
1984-12,0.045775
1985-01,0.044134
1985-02,0.042104
1985-03,0.042698
1985-04,0.042562
1985-05,0.041716
1985-06,0.040974
1985-07,0.040381
1985-08,0.041459
1985-09,0.042586
1985-10,0.042213
1985-11,0.039899
1985-12,0.038109
1986-01,0.038136
1986-02,0.036372
1986-03,0.034524
1986-04,0.03381
1986-05,0.03385
1986-06,0.033021
1986-07,0.033902
1986-08,0.033415
1986-09,0.034536
1986-10,0.034737
1986-11,0.033714
1986-12,0.033307
1987-01,0.03138
1987-02,0.029619
1987-03,0.028513
1987-04,0.029036
1987-05,0.029263
1987-06,0.028268
1987-07,0.027626
1987-08,0.026149
1987-09,0.027173
1987-10,0.031085
1987-11,0.035755
1987-12,0.036556
1988-01,0.035356
1988-02,0.034496
1988-03,0.033685
1988-04,0.034438
1988-05,0.035676
1988-06,0.034097
1988-07,0.034584
1988-08,0.035583
1988-09,0.035299
1988-10,0.034427
1988-11,0.035572
1988-12,0.035262
1989-01,0.034384
1989-02,0.033662
1989-03,0.034199
1989-04,0.033367
1989-05,0.032473
1989-06,0.032036
1989-07,0.031405
1989-08,0.030429
1989-09,0.030895
1989-10,0.031079
1989-11,0.032108
1989-12,0.031727
1990-01,0.032768
1990-02,0.033984
1990-03,0.033446
1990-04,0.033818
1990-05,0.032986
1990-06,0.032354
1990-07,0.032571
1990-08,0.035626
1990-09,0.037507
1990-10,0.038834
1990-11,0.038102
1990-12,0.036776
1991-01,0.037195
1991-02,0.033438
1991-03,0.032529
1991-04,0.031948
1991-05,0.032117
1991-06,0.032118
1991-07,0.032068
1991-08,0.031424
1991-09,0.031715
1991-10,0.031672
1991-11,0.031682
1991-12,0.031402
1992-01,0.029417
1992-02,0.029765
1992-03,0.030244
1992-04,0.03024
1992-05,0.0297
1992-06,0.030176
1992-07,0.029739
1992-08,0.02959
1992-09,0.029631
1992-10,0.030028
1992-11,0.029286
1992-12,0.028441
1993-01,0.028521
1993-02,0.028179
1993-03,0.027723
1993-04,0.028196
1993-05,0.028089
1993-06,0.027943
1993-07,0.027991
1993-08,0.027569
1993-09,0.027262
1993-10,0.027032
1993-11,0.027134
1993-12,0.026999
1994-01,0.026688
1994-02,0.02686
1994-03,0.027403
1994-04,0.028516
1994-05,0.02838
1994-06,0.02823
1994-07,0.028511
1994-08,0.027787
1994-09,0.027668
1994-10,0.028057
1994-11,0.028409
1994-12,0.028933
1995-01,0.028329
1995-02,0.027349
1995-03,0.026706
1995-04,0.026074
1995-05,0.025404
1995-06,0.024771
1995-07,0.024113
1995-08,0.024163
1995-09,0.023464
1995-10,0.023417
1995-11,0.023038
1995-12,0.022438
1996-01,0.022612
1996-02,0.021549
1996-03,0.021791
1996-04,0.021875
1996-05,0.021495
1996-06,0.021346
1996-07,0.022358
1996-08,0.021926
1996-09,0.021722
1996-10,0.021013
1996-11,0.020145
1996-12,0.020047
1997-01,0.019516
1997-02,0.018796
1997-03,0.019011
1997-04,0.019757
1997-05,0.018157
1997-06,0.0173
1997-07,0.016445
1997-08,0.016472
1997-09,0.01636
1997-10,0.016177
1997-11,0.016448
1997-12,0.016106
1998-01,0.016141
1998-02,0.015238
1998-03,0.014524
1998-04,0.014161
1998-05,0.0143
1998-06,0.01439
1998-07,0.013848
1998-08,0.014966
1998-09,0.015814
1998-10,0.015658
1998-11,0.014141
1998-12,0.013613
1999-01,0.013039
1999-02,0.013129
1999-03,0.012835
1999-04,0.012324
1999-05,0.012349
1999-06,0.012438
1999-07,0.011958
1999-08,0.012487
1999-09,0.012624
1999-10,0.012813
1999-11,0.011987
1999-12,0.011682
2000-01,0.011724
2000-02,0.012051
2000-03,0.011621
2000-04,0.011455
2000-05,0.011787
2000-06,0.011423
2000-07,0.011258
2000-08,0.011085
2000-09,0.011137
2000-10,0.011742
2000-11,0.011826
2000-12,0.012225
2001-01,0.012107
2001-02,0.012307
2001-03,0.013467
2001-04,0.013344
2001-05,0.012424
2001-06,0.012666
2001-07,0.013041
2001-08,0.013342
2001-09,0.015067
2001-10,0.01462
2001-11,0.013933
2001-12,0.013748
2002-01,0.013802
2002-02,0.014294
2002-03,0.013633
2002-04,0.01424
2002-05,0.014766
2002-06,0.015818
2002-07,0.017663
2002-08,0.017402
2002-09,0.018207
2002-10,0.018593
2002-11,0.017562
2002-12,0.017872
2003-01,0.017994
2003-02,0.019318
2003-03,0.019158
2003-04,0.018205
2003-05,0.017294
2003-06,0.016366
2003-07,0.016433
2003-08,0.016624
2003-09,0.016274
2003-10,0.016228
2003-11,0.016309
2003-12,0.016092
2004-01,0.015541
2004-02,0.015577
2004-03,0.016032
2004-04,0.01607
2004-05,0.016691
2004-06,0.01642
2004-07,0.016988
2004-08,0.017424
2004-09,0.017143
2004-10,0.017233
2004-11,0.016551
2004-12,0.016211
2005-01,0.016678
2005-02,0.016644
2005-03,0.01693
2005-04,0.017574
2005-05,0.017565
2005-06,0.017409
2005-07,0.017272
2005-08,0.01739
2005-09,0.017513
2005-10,0.018222
2005-11,0.017755
2005-12,0.017606
2006-01,0.017523
2006-02,0.017697
2006-03,0.017608
2006-04,0.017663
2006-05,0.018
2006-06,0.018705
2006-07,0.018774
2006-08,0.018553
2006-09,0.018289
2006-10,0.017867
2006-11,0.01773
2006-12,0.017565
2007-01,0.017613
2007-02,0.017502
2007-03,0.018117
2007-04,0.01757
2007-05,0.017168
2007-06,0.017283
2007-07,0.017387
2007-08,0.018362
2007-09,0.018021
2007-10,0.017686
2007-11,0.018778
2007-12,0.018746
2008-01,0.02025
2008-02,0.020747
2008-03,0.021489
2008-04,0.02075
2008-05,0.020363
2008-06,0.021405
2008-07,0.022871
2008-08,0.022477
2008-09,0.023707
2008-10,0.029621
2008-11,0.032324
2008-12,0.032351
2009-01,0.032364
2009-02,0.034321
2009-03,0.036004
2009-04,0.031484
2009-05,0.028974
2009-06,0.027631
2009-07,0.026743
2009-08,0.024228
2009-09,0.022881
2009-10,0.02192
2009-11,0.021053
2009-12,0.020182
2010-01,0.019794
2010-02,0.020263
2010-03,0.01901
2010-04,0.01833
2010-05,0.019549
2010-06,0.020344
2010-07,0.020507
2010-08,0.020461
2010-09,0.019918
2010-10,0.019185
2010-11,0.018854
2010-12,0.018308
2011-01,0.017903
2011-02,0.017558
2011-03,0.017961
2011-04,0.017824
2011-05,0.01796
2011-06,0.018908
2011-07,0.018578
2011-08,0.021007
2011-09,0.02145
2011-10,0.021203
2011-11,0.021211
2011-12,0.021258
2012-01,0.020557
2012-02,0.019995
2012-03,0.019687
2012-04,0.01996
2012-05,0.020873
2012-06,0.021398
2012-07,0.021138
2012-08,0.020782
2012-09,0.0205
2012-10,0.020965
2012-11,0.022013
2012-12,0.021972
2013-01,0.021303
2013-02,0.021043
2013-03,0.020705
2013-04,0.020689
2013-05,0.020053
2013-06,0.020553
2013-07,0.020164
2013-08,0.020372
2013-09,0.020389
2013-10,0.020114
2013-11,0.019508
2013-12,0.019355
2014-01,0.019427
2014-02,0.019712
2014-03,0.019442
2014-04,0.01964
2014-05,0.019577
2014-06,0.019198
2014-07,0.019132
2014-08,0.019434
2014-09,0.01931
2014-10,0.020032
2014-11,0.019135
2014-12,0.019199
2015-01,0.019671
2015-02,0.01938
2015-03,0.01962
2015-04,0.019629
2015-05,0.019617
2015-06,0.019883
2015-07,0.020054
2015-08,0.020714
2015-09,0.021863
2015-10,0.021139
2015-11,0.020713
2015-12,0.021124
2016-01,0.022701
2016-02,0.022955
2016-03,0.021702
2016-04,0.021235
2016-05,0.021431
2016-06,0.021335
2016-07,0.020778
2016-08,0.020655
2016-09,0.02087
2016-10,0.021117
2016-11,0.021005
2016-12,0.020342
2017-01,0.020186
2017-02,0.019809
2017-03,0.019596
2017-04,0.019777
2017-05,0.019596
2017-06,0.0194
2017-07,0.01937
2017-08,0.019483
2017-09,0.019323
2017-10,0.018938
2017-11,0.018768
2017-12,0.018365
2018-01,0.017667
2018-02,0.018351
2018-03,0.0185
2018-04,0.018966
2018-05,0.018753
2018-06,0.018513
2018-07,0.018413
2018-08,0.018157
2018-09,0.018039
2018-10,0.018959
2018-11,0.019565
2018-12,0.020936
2019-01,0.020767
2019-02,0.019799
2019-03,0.019594
2019-04,0.019051
2019-05,0.019511
2019-06,0.019403
2019-07,0.018844
2019-08,0.019617
2019-09,0.019187
2019-10,0.01933
2019-11,0.018648
2019-12,0.018333
2020-01,0.017902
2020-02,0.018043
2020-03,0.022463
2020-04,0.021584
2020-05,0.02043
2020-06,0.019223
2020-07,0.018519
2020-08,0.017433
2020-09,0.017486
2020-10,0.017158
2020-11,0.016475
2020-12,0.015771
2021-01,0.015305
2021-02,0.014896
2021-03,0.014738
2021-04,0.013936
2021-05,0.013865
2021-06,0.013652
2021-07,0.013367
2021-08,0.013199
2021-09,0.013329
2021-10,0.013369
2021-11,0.012859
2021-12,0.01292
2022-01,0.01332
2022-02,0.013852
2022-03,0.014112
2022-04,0.014268
2022-05,0.015676
2022-06,0.01642
2022-07,0.016477
2022-08,0.015603
2022-09,0.016964
2022-10,0.017673
2022-11,0.016946
2022-12,0.017105
2023-01,0.017005
2023-02,0.016614
2023-03,0.017188
2023-04,0.01659
2023-05,0.016532
2023-06,0.015812
2023-07,0.015286
2023-08,0.015505
2023-09,0.01572
2023-10,0.016312
2023-11,0.015689
2023-12,0.015006
2024-01,0.014635
2024-02,0.014096
2024-03,0.013698
2024-04,0.013928
2024-05,0.013675
2024-06,0.013292
2024-07,0.013082
2024-08,0.013312
2024-09,0.013058
2024-10,0.012754
2024-11,0.012539
2024-12,0.012449
2025-01,0.012588
2025-02,0.012537
2025-03,0.013396
2025-04,0.014256
2025-05,0.013242
2025-06,0.012828
2025-07,0.012344
2025-08,0.012187
2025-09,0.01192
2025-10,0.011703
2025-11,0.011745
2025-12,0.011604
2026-01,0.011517
2026-02,0.011617
2026-03,0.012077
2026-04,0.011584
2026-05,0.010902
2026-06,0.010876
